[
  {
      "ParameterKey": "QSS3BucketName",
      "ParameterValue":"$[taskcat_autobucket]"
  },
    {
        "ParameterKey": "AssignPublicIP",
        "ParameterValue": "true"
    },
    {
        "ParameterKey": "AvailabilityZones",
        "ParameterValue": "$[alfred_getaz_2]"
    },
    {
        "ParameterKey": "BootDiskSize",
        "ParameterValue": "24"
    },
    {
        "ParameterKey": "BrokerNodeInstanceType",
        "ParameterValue": "m4.xlarge"
    },
    {
        "ParameterKey": "BrokerNodeSpotPrice",
        "ParameterValue": "0.00"
    },
    {
        "ParameterKey": "BrokerNodeStorage",
        "ParameterValue": "512"
    },
    {
        "ParameterKey": "BrokerNodeStorageType",
        "ParameterValue": "st1"
    },
    {
        "ParameterKey": "ClusterName",
        "ParameterValue": "awsqs"
    },
    {
        "ParameterKey": "ConfluentEdition",
        "ParameterValue": "Confluent Enterprise"
    },
    {
        "ParameterKey": "KeyPairName",
        "ParameterValue": "$[alfred_getkeypair]"
    },
    {
        "ParameterKey": "LinuxOSAMI",
        "ParameterValue": "CentOS-7-HVM"
    },
    {
        "ParameterKey": "NumBrokers",
        "ParameterValue": "3"
    },
    {
        "ParameterKey": "NumWorkers",
        "ParameterValue": "0"
    },
    {
        "ParameterKey": "NumZookeepers",
        "ParameterValue": "0"
    },
    {
        "ParameterKey": "PrivateSubnet1CIDR",
        "ParameterValue": "10.0.0.0/19"
    },
    {
        "ParameterKey": "PrivateSubnet2CIDR",
        "ParameterValue": "10.0.32.0/19"
    },
    {
        "ParameterKey": "PublicSubnet1CIDR",
        "ParameterValue": "10.0.128.0/20"
    },
    {
        "ParameterKey": "PublicSubnet2CIDR",
        "ParameterValue": "10.0.144.0/20"
    },
    {
        "ParameterKey": "RemoteAccessCIDR",
        "ParameterValue": "10.0.0.0/16"
    },
    {
        "ParameterKey": "SSHAccessCIDR",
        "ParameterValue": "10.0.0.0/16"
    },
    {
        "ParameterKey": "VPCCIDR",
        "ParameterValue": "10.0.0.0/16"
    },
    {
        "ParameterKey": "WorkerNodeInstanceType",
        "ParameterValue": "m4.xlarge"
    },
    {
        "ParameterKey": "WorkerNodeSpotPrice",
        "ParameterValue": "0.00"
    },
    {
        "ParameterKey": "WorkerNodeStorage",
        "ParameterValue": "0"
    },
    {
        "ParameterKey": "ZookeeperNodeInstanceType",
        "ParameterValue": "m4.large"
    },
    {
        "ParameterKey": "ZookeeperNodeSpotPrice",
        "ParameterValue": "0.00"
    },
    {
        "ParameterKey": "ZookeeperNodeStorage",
        "ParameterValue": "0"
    }
]
