{
  "signing": {
    "default": {
      "expiry": "168h"
    },
    "profiles": {
      "server": {
        "expiry": "876000h",
        "usages": [
          "signing",
          "key encipherment",
          "server auth"
        ]
      },
      "client": {
        "expiry": "876000h",
        "usages": [
          "signing",
          "key encipherment",
          "client auth"
        ]
      },
      "client-server": {
        "expiry": "876000h",
        "usages": [
          "signing",
          "key encipherment",
          "server auth",
          "client auth"
        ]
      }
    }
  }
}
