32015,8622,sampleurl22719
16401,5508,sampleurl8184
24549,3952,sampleurl14518
10068,2609,sampleurl14905
20236,4697,sampleurl21623
4715,10123,sampleurl6695
27790,2550,sampleurl8725
6636,7151,sampleurl7977
16737,32563,sampleurl16402
9183,24766,sampleurl29424
27785,19305,sampleurl2439
1868,4825,sampleurl11066
9317,30256,sampleurl19483
6741,584,sampleurl15508
8279,7031,sampleurl31011
7812,26523,sampleurl15876
4202,24567,sampleurl8415
8626,31052,sampleurl15951
23192,2295,sampleurl20144
30383,2334,sampleurl9779
22769,25857,sampleurl26303
3997,20826,sampleurl1987
14751,1519,sampleurl24928
29844,6997,sampleurl31185
22946,2434,sampleurl7751
31751,23713,sampleurl26385
27841,1113,sampleurl31039
32522,15832,sampleurl15174
28921,17418,sampleurl15361
12903,9700,sampleurl17862
14704,14245,sampleurl27752
17951,20018,sampleurl12058
15551,4841,sampleurl15369
8136,45,sampleurl12411
13323,24316,sampleurl30205
8438,23033,sampleurl1664
27711,21590,sampleurl8544
8579,18499,sampleurl3386
24690,15433,sampleurl6868
18035,13474,sampleurl17043
15412,25934,sampleurl5377
22732,11228,sampleurl17570
11867,7160,sampleurl12272
25752,25872,sampleurl29788
28804,19261,sampleurl6324
26350,2705,sampleurl25033
1382,4475,sampleurl22197
23212,24305,sampleurl15770
24494,27742,sampleurl420
13908,17557,sampleurl27876
21745,19600,sampleurl730
6689,15304,sampleurl13889
25603,6882,sampleurl11953
13390,2852,sampleurl1191
23468,11076,sampleurl24093
29234,26568,sampleurl6846
18070,30417,sampleurl11909
8080,1723,sampleurl31340
6891,27830,sampleurl7608
19022,30311,sampleurl26367
30707,27315,sampleurl18792
20345,26380,sampleurl29974
10685,10395,sampleurl7574
3895,4781,sampleurl16949
10898,18158,sampleurl8916
6168,12463,sampleurl24242
23488,28549,sampleurl21828
22248,16207,sampleurl24406
8969,16365,sampleurl26310
12014,23705,sampleurl8418
28594,14306,sampleurl31400
32570,23167,sampleurl13924
20996,21253,sampleurl14041
13427,7501,sampleurl29690
14790,31685,sampleurl26227
19269,6528,sampleurl14959
3060,22038,sampleurl19220
18010,24019,sampleurl17638
32187,11110,sampleurl3671
17287,28667,sampleurl28763
29321,13811,sampleurl31357
16020,20075,sampleurl30160
27821,22634,sampleurl10488
23750,5908,sampleurl2657
25568,10113,sampleurl8053
789,4864,sampleurl32133
31401,15843,sampleurl20387
10677,10298,sampleurl27735
891,20385,sampleurl3010
2648,26461,sampleurl10643
2,2325,sampleurl12735
6999,32705,sampleurl15534
12531,9678,sampleurl106
30883,19745,sampleurl1841
23141,1789,sampleurl11782
5158,23345,sampleurl26174
111,5509,sampleurl23878
31241,6003,sampleurl14055
428,6801,sampleurl25971
20978,26459,sampleurl11971
2259,8807,sampleurl31825
15667,26741,sampleurl12008
17526,8136,sampleurl7162
29322,12847,sampleurl17958
7096,4895,sampleurl27844
13022,29817,sampleurl12352
8306,8024,sampleurl31481
5917,13392,sampleurl29308
15134,26372,sampleurl482
30243,7925,sampleurl29362
27262,30529,sampleurl2417
27229,26211,sampleurl15566
24802,6781,sampleurl27026
377,17718,sampleurl19294
14964,23564,sampleurl28147
3431,5674,sampleurl17053
27632,32295,sampleurl16049
5242,19158,sampleurl21029
20158,22226,sampleurl20058
12132,28499,sampleurl4131
18232,9400,sampleurl19236
28263,15342,sampleurl18892
23469,9214,sampleurl24894
21486,27664,sampleurl10074
7777,11169,sampleurl28079
16749,6411,sampleurl20193
31374,5842,sampleurl1315
3124,8550,sampleurl6077
13374,25205,sampleurl22408
676,8417,sampleurl4448
11384,26026,sampleurl29043
9948,6981,sampleurl19152
12036,5388,sampleurl5545
31450,11200,sampleurl7444
9445,771,sampleurl21809
6827,15451,sampleurl26976
28216,31845,sampleurl6632
15380,27849,sampleurl29886
20487,26425,sampleurl30569
12261,21927,sampleurl32137
15977,6734,sampleurl14280
24528,11488,sampleurl1014
18647,28434,sampleurl11625
11381,27087,sampleurl13692
32418,965,sampleurl18700
12811,21343,sampleurl11220
13037,13054,sampleurl15026
1739,20529,sampleurl27388
2972,24092,sampleurl28175
11525,20623,sampleurl28238
11282,31515,sampleurl28331
25480,11195,sampleurl21420
1205,4831,sampleurl7637
27078,15831,sampleurl31839
18838,13305,sampleurl5146
25051,27002,sampleurl32267
16036,32373,sampleurl31199
26975,18353,sampleurl10988
21857,2082,sampleurl1618
31400,15091,sampleurl32571
30696,7559,sampleurl6594
23279,13663,sampleurl4709
16074,599,sampleurl43
30318,16436,sampleurl30084
8964,32035,sampleurl17014
17004,8801,sampleurl23853
29481,23707,sampleurl30902
15844,21929,sampleurl17306
23149,29087,sampleurl15727
9246,15780,sampleurl2234
4653,24560,sampleurl8620
2408,14766,sampleurl10400
21054,22589,sampleurl17260
6377,8827,sampleurl7546
12782,30947,sampleurl23466
13080,32232,sampleurl6379
23472,26515,sampleurl12049
28498,8014,sampleurl8571
9922,25800,sampleurl13341
12220,30803,sampleurl31623
20043,21160,sampleurl27445
15679,32275,sampleurl18889
719,7108,sampleurl16638
29289,10266,sampleurl12410
27355,17117,sampleurl20731
1660,8831,sampleurl11926
16739,23439,sampleurl28221
16101,16937,sampleurl969
3108,27793,sampleurl27042
23553,4603,sampleurl1563
20998,30453,sampleurl4349
11980,22914,sampleurl28990
14677,17027,sampleurl18460
6132,14680,sampleurl10816
30539,20001,sampleurl21636
28015,22354,sampleurl23782
28220,3061,sampleurl28256
6767,1089,sampleurl27900
11625,5016,sampleurl21744
28287,14018,sampleurl9308
11582,24980,sampleurl29311
11010,6771,sampleurl32636
3212,16902,sampleurl31657
9068,14478,sampleurl11464
12036,21785,sampleurl22391
25335,22190,sampleurl28678
23275,26299,sampleurl29081
29581,598,sampleurl20901
17396,18351,sampleurl19914
17495,19306,sampleurl667
17049,9458,sampleurl15133
31487,23991,sampleurl22596
15205,13074,sampleurl20428
25007,26953,sampleurl26718
24348,5591,sampleurl20921
21582,2839,sampleurl19475
25745,27004,sampleurl19903
14993,6990,sampleurl6583
5822,26951,sampleurl20366
28885,23619,sampleurl26525
32074,4159,sampleurl23968
12507,27858,sampleurl22325
29605,27476,sampleurl140
17381,2746,sampleurl28240
8811,22832,sampleurl8894
15034,3377,sampleurl5431
28835,21134,sampleurl28005
17575,32198,sampleurl6913
5652,16073,sampleurl24847
13677,17735,sampleurl22089
28109,31491,sampleurl13383
2753,29774,sampleurl1839
28563,18189,sampleurl28737
31946,12958,sampleurl14414
16588,29186,sampleurl17225
2490,18029,sampleurl12041
2339,4394,sampleurl658
11136,23650,sampleurl14433
5366,30370,sampleurl18593
12061,12993,sampleurl30256
16215,12768,sampleurl29535
10272,30235,sampleurl29051
3868,21253,sampleurl27802
26463,27524,sampleurl20797
22100,8867,sampleurl4477
25308,25625,sampleurl22997
26912,12892,sampleurl10567
19840,22364,sampleurl30721
6336,18305,sampleurl6473
26637,21933,sampleurl17162
31053,22440,sampleurl21494
2419,14833,sampleurl17550
1149,20420,sampleurl21121
11126,2333,sampleurl8451
22885,22854,sampleurl11365
8510,14402,sampleurl8952
6420,30039,sampleurl1488
12362,3412,sampleurl23442
8570,17704,sampleurl1463
16608,27831,sampleurl13786
7154,24297,sampleurl15915
29165,5468,sampleurl11995
27260,20963,sampleurl23844
15605,32501,sampleurl5018
26197,10450,sampleurl2525
12668,12683,sampleurl24182
3221,108,sampleurl29299
21530,29556,sampleurl16491
4356,22711,sampleurl12131
3086,639,sampleurl16212
19767,21152,sampleurl13863
29456,9937,sampleurl18710
4544,16367,sampleurl2552
32183,14794,sampleurl23652
28913,31368,sampleurl8570
32674,10467,sampleurl8825
7805,4259,sampleurl494
13648,31852,sampleurl14837
25861,9817,sampleurl19469
28231,27535,sampleurl12746
27215,10679,sampleurl21698
23800,31492,sampleurl31705
29882,19772,sampleurl21340
9863,31067,sampleurl8611
4133,23915,sampleurl8428
15193,21445,sampleurl29261
15984,8403,sampleurl26611
31261,10180,sampleurl26558
16184,14016,sampleurl27002
20906,4649,sampleurl20891
23671,1910,sampleurl5217
13024,31054,sampleurl8058
32065,411,sampleurl1371
23159,24679,sampleurl6267
30112,17215,sampleurl4591
31585,9055,sampleurl7460
4716,6570,sampleurl11899
19746,16036,sampleurl26941
10639,10700,sampleurl16143
9811,27595,sampleurl24055
29454,17417,sampleurl9363
18984,21484,sampleurl22951
3286,4286,sampleurl2965
6318,21038,sampleurl14559
15128,6051,sampleurl6076
5155,11486,sampleurl32158
10433,21251,sampleurl28328
23185,14589,sampleurl29696
3914,14425,sampleurl20168
31123,31785,sampleurl12423
13041,4823,sampleurl14965
4843,602,sampleurl8952
30759,26852,sampleurl15696
21339,12474,sampleurl24938
28843,7307,sampleurl25001
29144,21673,sampleurl29159
2731,14202,sampleurl32139
31756,30129,sampleurl26075
31213,3587,sampleurl667
19915,31462,sampleurl16682
29374,18738,sampleurl25060
25572,28695,sampleurl6040
20548,9984,sampleurl19532
30576,5300,sampleurl13802
13158,2087,sampleurl4681
9620,20048,sampleurl16625
32095,26146,sampleurl4367
2126,2612,sampleurl9048
12479,14430,sampleurl26947
16323,32081,sampleurl7146
11618,22186,sampleurl6918
12334,30619,sampleurl28852
22442,14184,sampleurl1226
22358,6033,sampleurl26657
30970,13058,sampleurl5715
17726,1152,sampleurl24593
30534,27334,sampleurl16085
9836,25024,sampleurl23408
21301,16382,sampleurl9481
6900,23288,sampleurl23002
8226,8462,sampleurl435
31787,26937,sampleurl29010
20238,1247,sampleurl28903
25523,12899,sampleurl8467
7471,27089,sampleurl11292
28989,6199,sampleurl23814
12489,17435,sampleurl20164
8495,8708,sampleurl5215
23159,10298,sampleurl30981
13591,21449,sampleurl8820
32516,22750,sampleurl18376
26512,12114,sampleurl24516
19855,25718,sampleurl7989
6142,30598,sampleurl6609
1928,23886,sampleurl7262
30551,19471,sampleurl17201
13259,8151,sampleurl7323
13770,17152,sampleurl25092
3042,15761,sampleurl5356
29187,14364,sampleurl20923
14902,12214,sampleurl24925
25960,3321,sampleurl1478
2486,7055,sampleurl13375
11635,31498,sampleurl19881
25407,25371,sampleurl20144
20768,20567,sampleurl22411
21197,10102,sampleurl8136
27145,26991,sampleurl1334
15923,30493,sampleurl15722
23451,26327,sampleurl18468
26867,20737,sampleurl20872
28562,27133,sampleurl21519
17518,7690,sampleurl87
13730,1411,sampleurl15391
20866,30072,sampleurl26570
21736,28243,sampleurl11681
28752,7494,sampleurl5709
18598,20196,sampleurl9204
21692,28278,sampleurl9877
30291,21394,sampleurl21524
25072,17907,sampleurl1
23042,3830,sampleurl23265
23772,9580,sampleurl32479
24243,7854,sampleurl8213
9617,19540,sampleurl28055
2818,29919,sampleurl4240
26858,4072,sampleurl12162
10078,18568,sampleurl32087
28632,16881,sampleurl14331
6563,24158,sampleurl16765
18258,14485,sampleurl21487
4810,3519,sampleurl32726
25530,13946,sampleurl23025
1559,2308,sampleurl537
3122,14593,sampleurl29859
26089,30273,sampleurl13792
13878,17259,sampleurl23789
271,15653,sampleurl8365
30582,18465,sampleurl27996
17495,2211,sampleurl6868
17350,1651,sampleurl28066
18102,18059,sampleurl25087
16036,16789,sampleurl15626
4916,23861,sampleurl20136
27541,20116,sampleurl3164
19070,20207,sampleurl23734
28278,18858,sampleurl4999
9937,1235,sampleurl30252
17521,10,sampleurl3341
22430,28200,sampleurl14206
22572,29219,sampleurl12549
16141,30587,sampleurl26639
32638,29420,sampleurl23336
2646,1056,sampleurl19945
16031,950,sampleurl27466
5757,32419,sampleurl2724
3247,20628,sampleurl13617
17912,12425,sampleurl27
14100,20567,sampleurl27806
2125,20296,sampleurl1636
21748,13246,sampleurl21519
2982,31827,sampleurl12580
29141,12855,sampleurl127
4328,18372,sampleurl12594
7730,3953,sampleurl12839
21978,2267,sampleurl14379
24192,7050,sampleurl537
11609,1383,sampleurl22113
27894,8352,sampleurl26153
23721,22755,sampleurl18511
24604,23308,sampleurl16504
23919,17860,sampleurl16245
30696,28302,sampleurl17831
26311,1861,sampleurl4940
1264,31040,sampleurl27769
19618,18374,sampleurl8620
256,7670,sampleurl17258
2889,32614,sampleurl10975
30227,21117,sampleurl25732
26040,8329,sampleurl21562
10362,6886,sampleurl15747
2093,2923,sampleurl25833
4801,20906,sampleurl29180
21797,14313,sampleurl29527
3466,23918,sampleurl12067
4506,19501,sampleurl18006
27507,28611,sampleurl19569
15926,24793,sampleurl21497
20687,19709,sampleurl31274
15846,28397,sampleurl14523
4269,23586,sampleurl30362
9964,16757,sampleurl27744
19591,1669,sampleurl15489
29275,13510,sampleurl3776
27028,29054,sampleurl18692
24232,32469,sampleurl5462
5767,2404,sampleurl25895
29880,8166,sampleurl6979
1606,23473,sampleurl16010
25483,24742,sampleurl18482
8167,3841,sampleurl32012
1400,23162,sampleurl24376
8681,4669,sampleurl22147
2714,24697,sampleurl15776
1664,4407,sampleurl22431
9941,11117,sampleurl4689
18559,2956,sampleurl8381
28323,22745,sampleurl4387
27670,17269,sampleurl7977
29834,3280,sampleurl2657
21631,19706,sampleurl18220
27107,18462,sampleurl19797
26452,674,sampleurl28887
12379,14358,sampleurl17792
14371,15251,sampleurl10592
7779,23299,sampleurl1268
25211,32705,sampleurl31896
26454,15368,sampleurl6894
18049,20891,sampleurl23995
20773,13048,sampleurl23708
31705,10584,sampleurl23724
21461,28786,sampleurl22199
28764,7377,sampleurl11359
7170,7224,sampleurl10580
15354,6031,sampleurl6391
24650,23456,sampleurl17434
10423,10610,sampleurl22503
14928,10137,sampleurl1994
13728,32538,sampleurl2585
28345,23947,sampleurl27306
25902,15871,sampleurl18397
29766,23589,sampleurl4189
25458,28375,sampleurl4157
18691,13522,sampleurl561
28163,3006,sampleurl26853
27936,29804,sampleurl3038
22390,23606,sampleurl20916
24040,12650,sampleurl24919
29177,14336,sampleurl22205
22529,23446,sampleurl19733
