{"swagger":"2.0","info":{"title":"ADNS Resolver","description":"REST Interface for DNS IPs resolution","version":""},"host":"localhost:9090","basePath":"/api","schemes":["http"],"consumes":["application/json"],"produces":["application/json"],"paths":{"/{hostname}":{"get":{"tags":["resolve"],"summary":"resolve resolve","description":"Resolves IPs from a specified hostname","operationId":"resolve#resolve","produces":["text/plain"],"parameters":[{"name":"hostname","in":"path","description":"Hostname to resolve","required":true,"type":"string"}],"responses":{"200":{"description":"OK"},"204":{"description":"The given hostname couldn't be resolved"}},"schemes":["http"]}}}}